Workbook

Sheet DASHBOARD
A1: CONTROLE DE ABATE DE SUÍNOS — PAMPLONA
A2: Presidente Getúlio / SC | Atualizado em: 13/08/2026
A4: COLONOS CADASTRADOS | C4: AGENDAMENTOS ATIVOS | E4: RECEBIDOS / AGUARDANDO | G4: ABATIDOS HOJE | I4: ABATIDOS NO MÊS | K4: PESO TOTAL MÊS (kg)
A5: =COUNTA(COLONOS!B5:B200)-1 | C5: =COUNTIF(AGENDAMENTOS!J5:J200,"AGENDADO") | E5: =COUNTIF(RECEBIMENTO!N5:N200,"EM DESCANSO") | G5: =SUMPRODUCT((ABATE!D5:D200=TODAY())*(ABATE!G5:G200)) | I5: =SUMPRODUCT((MONTH(ABATE!D5:D200)=MONTH(TODAY()))*(YEAR(ABATE!D5:D200)=YEAR(TODAY()))*ABATE!G5:G200) | K5: =SUMPRODUCT((MONTH(ABATE!D5:D200)=MONTH(TODAY()))*(YEAR(ABATE!D5:D200)=YEAR(TODAY()))*ABATE!H5:H200)
A8: SITUAÇÃO DOS LOTES — TODOS OS STATUS
A9: STATUS | C9: QTD LOTES | E9: QTD ANIMAIS | G9: PESO TOTAL (kg)
A10: AGENDADO | C10: =COUNTIF(AGENDAMENTOS!J5:J200,"AGENDADO")+COUNTIF(RECEBIMENTO!N5:N200,"AGENDADO")+COUNTIF(ABATE!K5:K200,"AGENDADO") | E10: =SUMIF(AGENDAMENTOS!J5:J200,"AGENDADO",AGENDAMENTOS!G5:G200)+SUMIF(RECEBIMENTO!N5:N200,"AGENDADO",RECEBIMENTO!F5:F200)+SUMIF(ABATE!K5:K200,"AGENDADO",ABATE!G5:G200) | G10: =SUMIF(ABATE!K5:K200,"AGENDADO",ABATE!H5:H200)
A11: EM TRÂNSITO | C11: =COUNTIF(AGENDAMENTOS!J5:J200,"EM TRÂNSITO")+COUNTIF(RECEBIMENTO!N5:N200,"EM TRÂNSITO")+COUNTIF(ABATE!K5:K200,"EM TRÂNSITO") | E11: =SUMIF(AGENDAMENTOS!J5:J200,"EM TRÂNSITO",AGENDAMENTOS!G5:G200)+SUMIF(RECEBIMENTO!N5:N200,"EM TRÂNSITO",RECEBIMENTO!F5:F200)+SUMIF(ABATE!K5:K200,"EM TRÂNSITO",ABATE!G5:G200) | G11: =SUMIF(ABATE!K5:K200,"EM TRÂNSITO",ABATE!H5:H200)
A12: RECEBIDO | C12: =COUNTIF(AGENDAMENTOS!J5:J200,"RECEBIDO")+COUNTIF(RECEBIMENTO!N5:N200,"RECEBIDO")+COUNTIF(ABATE!K5:K200,"RECEBIDO") | E12: =SUMIF(AGENDAMENTOS!J5:J200,"RECEBIDO",AGENDAMENTOS!G5:G200)+SUMIF(RECEBIMENTO!N5:N200,"RECEBIDO",RECEBIMENTO!F5:F200)+SUMIF(ABATE!K5:K200,"RECEBIDO",ABATE!G5:G200) | G12: =SUMIF(ABATE!K5:K200,"RECEBIDO",ABATE!H5:H200)
A13: EM DESCANSO | C13: =COUNTIF(AGENDAMENTOS!J5:J200,"EM DESCANSO")+COUNTIF(RECEBIMENTO!N5:N200,"EM DESCANSO")+COUNTIF(ABATE!K5:K200,"EM DESCANSO") | E13: =SUMIF(AGENDAMENTOS!J5:J200,"EM DESCANSO",AGENDAMENTOS!G5:G200)+SUMIF(RECEBIMENTO!N5:N200,"EM DESCANSO",RECEBIMENTO!F5:F200)+SUMIF(ABATE!K5:K200,"EM DESCANSO",ABATE!G5:G200) | G13: =SUMIF(ABATE!K5:K200,"EM DESCANSO",ABATE!H5:H200)
A14: EM ABATE | C14: =COUNTIF(AGENDAMENTOS!J5:J200,"EM ABATE")+COUNTIF(RECEBIMENTO!N5:N200,"EM ABATE")+COUNTIF(ABATE!K5:K200,"EM ABATE") | E14: =SUMIF(AGENDAMENTOS!J5:J200,"EM ABATE",AGENDAMENTOS!G5:G200)+SUMIF(RECEBIMENTO!N5:N200,"EM ABATE",RECEBIMENTO!F5:F200)+SUMIF(ABATE!K5:K200,"EM ABATE",ABATE!G5:G200) | G14: =SUMIF(ABATE!K5:K200,"EM ABATE",ABATE!H5:H200)
A15: ABATIDO | C15: =COUNTIF(AGENDAMENTOS!J5:J200,"ABATIDO")+COUNTIF(RECEBIMENTO!N5:N200,"ABATIDO")+COUNTIF(ABATE!K5:K200,"ABATIDO") | E15: =SUMIF(AGENDAMENTOS!J5:J200,"ABATIDO",AGENDAMENTOS!G5:G200)+SUMIF(RECEBIMENTO!N5:N200,"ABATIDO",RECEBIMENTO!F5:F200)+SUMIF(ABATE!K5:K200,"ABATIDO",ABATE!G5:G200) | G15: =SUMIF(ABATE!K5:K200,"ABATIDO",ABATE!H5:H200)
A16: CONDENADO | C16: =COUNTIF(AGENDAMENTOS!J5:J200,"CONDENADO")+COUNTIF(RECEBIMENTO!N5:N200,"CONDENADO")+COUNTIF(ABATE!K5:K200,"CONDENADO") | E16: =SUMIF(AGENDAMENTOS!J5:J200,"CONDENADO",AGENDAMENTOS!G5:G200)+SUMIF(RECEBIMENTO!N5:N200,"CONDENADO",RECEBIMENTO!F5:F200)+SUMIF(ABATE!K5:K200,"CONDENADO",ABATE!G5:G200) | G16: =SUMIF(ABATE!K5:K200,"CONDENADO",ABATE!H5:H200)
A18: ⚠ Células em AMARELO são de entrada manual · Células em VERDE são calculadas automaticamente · Use as abas abaixo para registrar cada etapa

Sheet COLONOS
A1: CADASTRO DE COLONOS / FORNECEDORES
A2: Registro de todos os produtores que fornecem suínos à unidade
A4: ID COLONO | B4: NOME DO COLONO / PRODUTOR | C4: MUNICÍPIO | D4: LOCALIDADE / LINHA | E4: TELEFONE | F4: CPF / CNPJ | G4: INSCRIÇÃO ESTADUAL | H4: CONTRATO Nº | I4: RAÇA PRINCIPAL | J4: CAPACIDADE MÉDIA (cab/lote) | K4: OBS / CONVÊNIO
A5: COL-001 | B5: João Antônio Beber | C5: Presidente Getúlio | D5: Linha Sete | E5: (47) 99123-4567 | F5: 012.345.678-90 | G5: 1234567-8 | H5: CONT-2024-001 | I5: Landrace/Large White | J5: 80 | K5: Integrado Pamplona
A6: COL-002 | B6: Maria dos Santos Fontana | C6: Ibicaré | D6: Linha Santa Maria | E6: (49) 99876-5432 | F6: 987.654.321-00 | G6: 8765432-1 | H6: CONT-2024-002 | I6: Duroc | J6: 120 | K6: Integrado — parceria 5 anos
A7: COL-003 | B7: Pedro Grando | C7: Presidente Getúlio | D7: Serraria Bela | E7: (47) 99222-1111 | F7: 111.222.333-44 | G7: 3334444-5 | H7: CONT-2024-003 | I7: PIC 337 x C22 | J7: 60

Sheet AGENDAMENTOS
A1: AGENDAMENTOS — PORCOS A CHEGAR
A2: Registro de lotes agendados pelos colonos · Status: AGENDADO | EM TRÂNSITO | RECEBIDO | CANCELADO
A4: ID LOTE | B4: ID COLONO | C4: NOME DO COLONO | D4: MUNICÍPIO | E4: DATA PREVISTA CHEGADA | F4: HORA PREVISTA | G4: QTD PREVISTA | H4: PESO MÉDIO PREVISTO (kg) | I4: PESO TOTAL ESTIMADO (kg) | J4: STATUS | K4: MOTORISTA | L4: PLACA VEÍCULO | M4: OBS / ROTA
A5: LOT-2024-001 | B5: COL-001 | C5: João Antônio Beber | D5: Presidente Getúlio | E5: 45519 | F5: 06:00 | G5: 80 | H5: 110 | I5: =G5*H5 | J5: AGENDADO | K5: Carlos Mota | L5: SCP-1234 | M5: Via BR-470 · estimativa 45 min
A6: LOT-2024-002 | B6: COL-002 | C6: Maria dos Santos Fontana | D6: Ibicaré | E6: 45519 | F6: 08:30 | G6: 120 | H6: 105.5 | I6: =G6*H6 | J6: EM TRÂNSITO | K6: Roberto Leal | L6: SCQ-5678 | M6: Saiu às 07:15 — rodovia liberada
A7: LOT-2024-003 | B7: COL-003 | C7: Pedro Grando | D7: Presidente Getúlio | E7: 45520 | F7: 07:00 | G7: 60 | H7: 115 | I7: =G7*H7 | J7: AGENDADO | M7: Confirmar na véspera
I8: =IF(G8="","",G8*H8)
I9: =IF(G9="","",G9*H9)
I10: =IF(G10="","",G10*H10)
I11: =IF(G11="","",G11*H11)
I12: =IF(G12="","",G12*H12)
I13: =IF(G13="","",G13*H13)
I14: =IF(G14="","",G14*H14)
I15: =IF(G15="","",G15*H15)
I16: =IF(G16="","",G16*H16)
I17: =IF(G17="","",G17*H17)
I18: =IF(G18="","",G18*H18)
I19: =IF(G19="","",G19*H19)
... I304: =IF(G304="","",G304*H304)

Sheet RECEBIMENTO
A1: RECEBIMENTO — PORCOS CHEGADOS NA UNIDADE
A2: Registro de entrada, pesagem e condições na chegada · Status: RECEBIDO | EM DESCANSO | EM ABATE | ABATIDO
A4: ID LOTE | B4: ID COLONO | C4: NOME DO COLONO | D4: DATA CHEGADA | E4: HORA CHEGADA | F4: QTD RECEBIDA | G4: PESO TOTAL RECEBIDO (kg) | H4: PESO MÉDIO RECEB. (kg) | I4: MOTORISTA | J4: PLACA VEÍCULO | K4: TEMP. TRANSPORTE (°C) | L4: CONDIÇÃO ANIMAIS (1-5) | M4: DATA PREV. ABATE | N4: STATUS ATUAL | O4: RESP. RECEB. | P4: OBS / PENDÊNCIAS
A5: LOT-2024-002 | B5: COL-002 | C5: Maria dos Santos Fontana | D5: 45519 | E5: 08:52 | F5: 118 | G5: 12459 | H5: =IF(F5=0,"",G5/F5) | I5: Roberto Leal | J5: SCQ-5678 | K5: 18.5 | L5: 4 | M5: 45519 | N5: EM DESCANSO | O5: Ana Paula | P5: 2 animais machucados no transporte — verificar
H6: =IF(OR(F6="",F6=0),"",G6/F6)
H7: =IF(OR(F7="",F7=0),"",G7/F7)
H8: =IF(OR(F8="",F8=0),"",G8/F8)
H9: =IF(OR(F9="",F9=0),"",G9/F9)
H10: =IF(OR(F10="",F10=0),"",G10/F10)
H11: =IF(OR(F11="",F11=0),"",G11/F11)
H12: =IF(OR(F12="",F12=0),"",G12/F12)
H13: =IF(OR(F13="",F13=0),"",G13/F13)
H14: =IF(OR(F14="",F14=0),"",G14/F14)
H15: =IF(OR(F15="",F15=0),"",G15/F15)
H16: =IF(OR(F16="",F16=0),"",G16/F16)
H17: =IF(OR(F17="",F17=0),"",G17/F17)
... H304: =IF(OR(F304="",F304=0),"",G304/F304)

Sheet ABATE
A1: REGISTRO DE ABATE
A2: Controle diário de abate, rendimento e inspeção sanitária
A4: ID ABATE | B4: ID LOTE | C4: NOME DO COLONO | D4: DATA ABATE | E4: HORA INÍCIO | F4: HORA FIM | G4: QTD ABATIDA | H4: PESO TOTAL CARCAÇA (kg) | I4: REND. CARCAÇA (%) | J4: INSP. SIF | K4: STATUS LOTE | L4: QTD CONDENADA | M4: MOTIVO CONDENAÇÃO | N4: DESTINO CARCAÇA | O4: RESPONSÁVEL ABATE | P4: OBS
A5: ABA-2024-001 | B5: LOT-2024-001 | C5: João Antônio Beber | D5: 45519 | E5: 13:00 | F5: 17:30 | G5: 78 | H5: 8580 | I5: =IF(RECEBIMENTO!G5=0,"",H5/RECEBIMENTO!G5) | J5: APROVADO | K5: ABATIDO | L5: 2 | M5: Lesão pulmonar | N5: Frigorífico PG | O5: Marcos Silva

Sheet RELATORIO_DIARIO
A1: RELATÓRIO DIÁRIO DE ABATE
A2: Resumo automático por data — altere apenas a célula de data de referência (B5)
A4: DATA DE REFERÊNCIA: | D4: 46247
A6: ⚙ Esta aba usa a data em D4 como filtro. Altere D4 para consultar qualquer data.
A7: 📋 Os dados são puxados automaticamente das abas AGENDAMENTOS, RECEBIMENTO e ABATE.
A9: LOTES AGENDADOS PARA ESTA DATA
A10: ID LOTE | B10: COLONO | C10: MUNICÍPIO | D10: HORA PREV. | E10: QTD PREV. | F10: PESO EST. (kg) | G10: STATUS
A11: [Os lotes agendados para a data em D4 serão exibidos aqui automaticamente via filtro manual ou VBA]

Sheet LEGENDA
A1: LEGENDA E INSTRUÇÕES DE USO
A2: Como preencher e interpretar cada aba da planilha
A4: ABA | B4: FINALIDADE | C4: COMO USAR
A5: DASHBOARD | B5: Painel geral com KPIs e situação dos lotes. | C5: Somente leitura — atualiza automaticamente.
A6: COLONOS | B6: Cadastro dos produtores/fornecedores. | C6: Preencha um colono por linha. O ID (COL-XXX) será usado nas outras abas.
A7: AGENDAMENTOS | B7: Registro de lotes agendados para chegar. | C7: Preencha ao agendar o colono. Atualize o STATUS conforme o lote avança.
A8: RECEBIMENTO | B8: Registro de lotes que chegaram na unidade. | C8: Preencha ao receber o caminhão. Inclua pesagem e condição dos animais.
A9: ABATE | B9: Registro do abate e inspeção sanitária. | C9: Preencha após o abate. Registre rendimento de carcaça e condenações.
A10: RELATORIO_DIARIO | B10: Resumo do dia filtrado por data. | C10: Altere a célula D4 para consultar qualquer data.
A12: TABELA DE STATUS — SIGNIFICADO E COR
A13: AGENDADO | B13: Lote agendado pelo colono, aguardando chegada.
A14: EM TRÂNSITO | B14: Caminhão a caminho da unidade.
A15: RECEBIDO | B15: Animais chegaram e foram pesados/conferidos.
A16: EM DESCANSO | B16: Animais em descanso pré-abate (dieta hídrica).
A17: EM ABATE | B17: Lote em processo de abate.
A18: ABATIDO | B18: Abate concluído, carcaças processadas.
A19: CONDENADO | B19: Animal(is) reprovado(s) na inspeção SIF.
A21: SIGNIFICADO DAS CORES DE CÉLULA
A22: EXEMPLO | B22: Célula de entrada manual — preencha aqui
A23: EXEMPLO | B23: Célula calculada automaticamente — não altere
A24: EXEMPLO | B24: Referência cruzada entre abas
